character,Instagram,LinkedIn,SnapChat,Twitter,Whatsapp/Wechat,youtube,OTT,Reddit,Trouble_falling_asleep ,Mood Productivity,Tired waking up in morning,How you felt the entire week?
masinl,3.5,4,1,5,1,2.5,14.5,2.5,0,1,0,3
peace,7.73,5.2,3.68,0,4.18,4.25,0,0,1,1,0,3
Patty,3.77,7,0.53,0,9.83,1.85,2,0,0,1,0,4
Bunny,5.38,5.32,1.3,0,5.3,2,2,0,0,1,0,4
tl868,12,0.58,0,0.67,3,3.5,2,1,1,1,1,3
drphy,2.33,7,0.47,0,12,7,3,0,0,1,0,5
trave,5.37,4,0,0,6,3,0,0,0,1,1,4
19!@s,7,4,3,0,10,2,3,0,1,1,1,4
yh2020,8.65,10,3.83,0,6.15,4,3,0,0,1,0,3
ds2134,0.17,0,0,0,1,3,0,0,0,0,0,2
ki567,4.58,2.13,0.42,2.42,1,1,0,0,1,1,0,4
ak2001,3.33,2.5,0.33,2.83,3.67,2.5,1.5,0,0,1,0,3
Harvey,5.3,1.52,14.87,0,4.02,0.54,0.51,0.01,1,1,1,4
hahah,6,3,1,1,3.42,2.5,1,0,0,1,0,3
AKIRA,4.65,3.75,1.42,0,6.5,3.13,1.92,7,0,1,0,3
vp1234,7,5,0.42,0,5,5,1,0.5,1,1,1,5
sss32,9.8,0.8,0,0.27,13.35,3.53,1.68,0,0,1,0,3
MVA37@S,6.8,1.92,1.87,0,6.95,0.8,2.47,0,0,1,1,3
2134,5.67,3.92,0,0,8.92,5.15,0,0,0,1,0,3
15801,15.02,3.95,7.32,0,15.35,5.17,10,0,1,1,0,3
Baiqi,0.33,0.52,0,0,8.38,0,0,0,0,1,1,3
